{"step_id": 0, "content_type": "video/mp4", "encoder_version": {"backend": "ffmpeg", "version": "b'ffmpeg version 4.1.8-0+deb10u1 Copyright (c) 2000-2021 the FFmpeg developers\\nbuilt with gcc 8 (Debian 8.3.0-6)\\nconfiguration: --prefix=/usr --extra-version=0+deb10u1 --toolchain=hardened --libdir=/usr/lib/x86_64-linux-gnu --incdir=/usr/include/x86_64-linux-gnu --arch=amd64 --enable-gpl --disable-stripping --enable-avresample --disable-filter=resample --enable-avisynth --enable-gnutls --enable-ladspa --enable-libaom --enable-libass --enable-libbluray --enable-libbs2b --enable-libcaca --enable-libcdio --enable-libcodec2 --enable-libflite --enable-libfontconfig --enable-libfreetype --enable-libfribidi --enable-libgme --enable-libgsm --enable-libjack --enable-libmp3lame --enable-libmysofa --enable-libopenjpeg --enable-libopenmpt --enable-libopus --enable-libpulse --enable-librsvg --enable-librubberband --enable-libshine --enable-libsnappy --enable-libsoxr --enable-libspeex --enable-libssh --enable-libtheora --enable-libtwolame --enable-libvidstab --enable-libvorbis --enable-libvpx --enable-libwavpack --enable-libwebp --enable-libx265 --enable-libxml2 --enable-libxvid --enable-libzmq --enable-libzvbi --enable-lv2 --enable-omx --enable-openal --enable-opengl --enable-sdl2 --enable-libdc1394 --enable-libdrm --enable-libiec61883 --enable-chromaprint --enable-frei0r --enable-libx264 --enable-shared\\nlibavutil      56. 22.100 / 56. 22.100\\nlibavcodec     58. 35.100 / 58. 35.100\\nlibavformat    58. 20.100 / 58. 20.100\\nlibavdevice    58.  5.100 / 58.  5.100\\nlibavfilter     7. 40.101 /  7. 40.101\\nlibavresample   4.  0.  0 /  4.  0.  0\\nlibswscale      5.  3.100 /  5.  3.100\\nlibswresample   3.  3.100 /  3.  3.100\\nlibpostproc    55.  3.100 / 55.  3.100\\n'", "cmdline": ["ffmpeg", "-nostats", "-loglevel", "error", "-y", "-f", "rawvideo", "-s:v", "600x400", "-pix_fmt", "rgb24", "-framerate", "30", "-i", "-", "-vf", "scale=trunc(iw/2)*2:trunc(ih/2)*2", "-vcodec", "libx264", "-pix_fmt", "yuv420p", "-r", "30", "/home/jupyter/SLUSD/videos/ppo_MountainCar-v0_1635711994.5256104/env: MountainCar-v0, time step: 1065000, skill: 3-step-0-to-step-1000.mp4"]}}